"start_time","end_time","id"
"00:00:00","01:00:00",1
"00:15:00","01:15:00",2
"00:30:00","01:30:00",3
"00:45:00","01:45:00",4
"01:00:00","02:00:00",5
"01:15:00","02:15:00",6
"01:30:00","02:30:00",7
"01:45:00","02:45:00",8
"02:00:00","03:00:00",9
"02:15:00","03:15:00",10
"02:30:00","03:30:00",11
"02:45:00","03:45:00",12
"03:00:00","04:00:00",13
"03:15:00","04:15:00",14
"03:30:00","04:30:00",15
"03:45:00","04:45:00",16
"04:00:00","05:00:00",17
"04:15:00","05:15:00",18
"04:30:00","05:30:00",19
"04:45:00","05:45:00",20
"05:00:00","06:00:00",21
"05:15:00","06:15:00",22
"05:30:00","06:30:00",23
"05:45:00","06:45:00",24
"06:00:00","07:00:00",25
"06:15:00","07:15:00",26
"06:30:00","07:30:00",27
"06:45:00","07:45:00",28
"07:00:00","08:00:00",29
"07:15:00","08:15:00",30
"07:30:00","08:30:00",31
"07:45:00","08:45:00",32
"08:00:00","09:00:00",33
"08:15:00","09:15:00",34
"08:30:00","09:30:00",35
"08:45:00","09:45:00",36
"09:00:00","10:00:00",37
"09:15:00","10:15:00",38
"09:30:00","10:30:00",39
"09:45:00","10:45:00",40
"10:00:00","11:00:00",41
"10:15:00","11:15:00",42
"10:30:00","11:30:00",43
"10:45:00","11:45:00",44
"11:00:00","12:00:00",45
"11:15:00","12:15:00",46
"11:30:00","12:30:00",47
"11:45:00","12:45:00",48
"12:00:00","13:00:00",49
"12:15:00","13:15:00",50
"12:30:00","13:30:00",51
"12:45:00","13:45:00",52
"13:00:00","14:00:00",53
"13:15:00","14:15:00",54
"13:30:00","14:30:00",55
"13:45:00","14:45:00",56
"14:00:00","15:00:00",57
"14:15:00","15:15:00",58
"14:30:00","15:30:00",59
"14:45:00","15:45:00",60
"15:00:00","16:00:00",61
"15:15:00","16:15:00",62
"15:30:00","16:30:00",63
"15:45:00","16:45:00",64
"16:00:00","17:00:00",65
"16:15:00","17:15:00",66
"16:30:00","17:30:00",67
"16:45:00","17:45:00",68
"17:00:00","18:00:00",69
"17:15:00","18:15:00",70
"17:30:00","18:30:00",71
"17:45:00","18:45:00",72
"18:00:00","19:00:00",73
"18:15:00","19:15:00",74
"18:30:00","19:30:00",75
"18:45:00","19:45:00",76
"19:00:00","20:00:00",77
"19:15:00","20:15:00",78
"19:30:00","20:30:00",79
"19:45:00","20:45:00",80
"20:00:00","21:00:00",81
"20:15:00","21:15:00",82
"20:30:00","21:30:00",83
"20:45:00","21:45:00",84
"21:00:00","22:00:00",85
"21:15:00","22:15:00",86
"21:30:00","22:30:00",87
"21:45:00","22:45:00",88
"22:00:00","23:00:00",89
"22:15:00","23:15:00",90
"22:30:00","23:30:00",91
"22:45:00","23:45:00",92
"23:00:00","00:00:00",93
"23:15:00","00:15:00",94
"23:30:00","00:30:00",95
"23:45:00","00:45:00",96
